Order ID,First Name,Last Name,Name,Price,Barcode,Scanned,Scanned By,Created At,Updated At,Customer Email
17045053,Aaron,Aardvark,Admission Générale,10.00,FZX28828461,1,Aaron Aardvark,"Wed - Mar  1, 2017 - 1:46pm","Wed - Mar  1, 2017 - 1:57pm",aaron@example.com
17050197,Aaron,Aardvark,Admission Générale,10.00,SCL28838665,1,Aaron Aardvark,"Wed - Mar  1, 2017 - 10:20pm","Wed - Mar  1, 2017 - 10:22pm",aaron@example.com
17050271,Aaron,Aardvark,Admission Générale,10.00,ZSF28838811,1,Aaron Aardvark,"Wed - Mar  1, 2017 - 10:40pm","Wed - Mar  1, 2017 - 10:42pm",aaron@example.com
17050271,Aaron,Aardvark,Admission Générale,10.00,QKQ28838811,1,Aaron Aardvark,"Wed - Mar  1, 2017 - 10:40pm","Wed - Mar  1, 2017 - 10:47pm",aaron@example.com
17050271,Aaron,Aardvark,Admission Générale,10.00,LQS28838811,1,Aaron Aardvark,"Wed - Mar  1, 2017 - 10:40pm","Thu - Mar  2, 2017 - 6:07pm",aaron@example.com
17050271,Aaron,Aardvark,Admission Générale,10.00,FLH28838811,1,Aaron Aardvark,"Wed - Mar  1, 2017 - 10:40pm","Wed - Mar  1, 2017 - 10:43pm",aaron@example.com
17050271,Aaron,Aardvark,Admission Générale,10.00,SEZ28838811,1,Aaron Aardvark,"Wed - Mar  1, 2017 - 10:40pm","Wed - Mar  1, 2017 - 11:23pm",aaron@example.com
17050271,Aaron,Aardvark,Admission Générale,10.00,FEJ28838811,1,Aaron Aardvark,"Wed - Mar  1, 2017 - 10:40pm","Thu - Mar  2, 2017 - 6:08pm",aaron@example.com
17050271,Aaron,Aardvark,Admission Générale,10.00,QLP28838811,1,Aaron Aardvark,"Wed - Mar  1, 2017 - 10:40pm","Wed - Mar  1, 2017 - 10:44pm",aaron@example.com
17050271,Aaron,Aardvark,Admission Générale,10.00,FTJ28838811,0,,"Wed - Mar  1, 2017 - 10:40pm","Wed - Mar  1, 2017 - 10:40pm",aaron@example.com
17050271,Aaron,Aardvark,Admission Générale,10.00,CKQ28838811,0,,"Wed - Mar  1, 2017 - 10:40pm","Wed - Mar  1, 2017 - 10:40pm",aaron@example.com
17050271,Aaron,Aardvark,Admission Générale,10.00,DGD28838811,1,Aaron Aardvark,"Wed - Mar  1, 2017 - 10:40pm","Wed - Mar  1, 2017 - 10:47pm",aaron@example.com
17054693,Aaron,Aardvark,Admission Générale,10.00,XPD28847159,0,,"Thu - Mar  2, 2017 - 1:33pm","Thu - Mar  2, 2017 - 1:33pm",aaron@example.com
17054693,Aaron,Aardvark,Admission Générale,10.00,DDV28847159,0,,"Thu - Mar  2, 2017 - 1:33pm","Thu - Mar  2, 2017 - 1:33pm",aaron@example.com
17054693,Aaron,Aardvark,Admission Générale,10.00,PGA28847159,0,,"Thu - Mar  2, 2017 - 1:33pm","Thu - Mar  2, 2017 - 1:33pm",aaron@example.com
17054693,Aaron,Aardvark,Admission Générale,10.00,BEK28847159,0,,"Thu - Mar  2, 2017 - 1:33pm","Thu - Mar  2, 2017 - 1:33pm",aaron@example.com
17054693,Aaron,Aardvark,Admission Générale,10.00,PDY28847159,0,,"Thu - Mar  2, 2017 - 1:33pm","Thu - Mar  2, 2017 - 1:33pm",aaron@example.com
17054693,Aaron,Aardvark,Admission Générale,10.00,GKW28847159,0,,"Thu - Mar  2, 2017 - 1:33pm","Thu - Mar  2, 2017 - 1:33pm",aaron@example.com
17054693,Aaron,Aardvark,Admission Générale,10.00,ZQK28847159,0,,"Thu - Mar  2, 2017 - 1:33pm","Thu - Mar  2, 2017 - 1:33pm",aaron@example.com
17054693,Aaron,Aardvark,Admission Générale,10.00,LHR28847159,0,,"Thu - Mar  2, 2017 - 1:33pm","Thu - Mar  2, 2017 - 1:33pm",aaron@example.com
17054693,Aaron,Aardvark,Admission Générale,10.00,CSM28847159,0,,"Thu - Mar  2, 2017 - 1:33pm","Thu - Mar  2, 2017 - 1:33pm",aaron@example.com
17054693,Aaron,Aardvark,Admission Générale,10.00,HKA28847159,0,,"Thu - Mar  2, 2017 - 1:33pm","Thu - Mar  2, 2017 - 1:33pm",aaron@example.com
